<?xml version="1.0"?>
<PdfFormData xmlns:xsi="http://www.w3.org/2001/XMLSchema-instance" xmlns:xsd="http://www.w3.org/2001/XMLSchema">
  <FieldDataArray>
    <PdfFieldData>
      <Index>0</Index>
      <Parent>-1</Parent>
      <Type />
      <Name>﻿FW-001[0]</Name>
      <AltName />
      <Value />
    </PdfFieldData>
    <PdfFieldData>
      <Index>1</Index>
      <Parent>0</Parent>
      <Type />
      <Name>﻿Page1[0]</Name>
      <AltName />
      <Value />
    </PdfFieldData>
    <PdfFieldData>
      <Index>2</Index>
      <Parent>1</Parent>
      <Type />
      <Name>﻿RightCaption[0]</Name>
      <AltName />
      <Value />
    </PdfFieldData>
    <PdfFieldData>
      <Index>3</Index>
      <Parent>2</Parent>
      <Type>Tx</Type>
      <Name>﻿CourtInfo[0]</Name>
      <AltName>Superior Court of California County of</AltName>
      <Value />
    </PdfFieldData>
    <PdfFieldData>
      <Index>4</Index>
      <Parent>2</Parent>
      <Type>Tx</Type>
      <Name>﻿CaseNumber[0]</Name>
      <AltName>Case Number</AltName>
      <Value />
    </PdfFieldData>
    <PdfFieldData>
      <Index>5</Index>
      <Parent>2</Parent>
      <Type>Tx</Type>
      <Name>﻿CaseName[0]</Name>
      <AltName>Case Name</AltName>
      <Value />
    </PdfFieldData>
    <PdfFieldData>
      <Index>6</Index>
      <Parent>1</Parent>
      <Type />
      <Name>﻿List1[0]</Name>
      <AltName />
      <Value />
    </PdfFieldData>
    <PdfFieldData>
      <Index>7</Index>
      <Parent>6</Parent>
      <Type />
      <Name>﻿item1[0]</Name>
      <AltName />
      <Value />
    </PdfFieldData>
    <PdfFieldData>
      <Index>8</Index>
      <Parent>7</Parent>
      <Type>Tx</Type>
      <Name>﻿PetitionerName1[0]</Name>
      <AltName>Name</AltName>
      <Value />
    </PdfFieldData>
    <PdfFieldData>
      <Index>9</Index>
      <Parent>7</Parent>
      <Type>Tx</Type>
      <Name>﻿PetitionerStrAddress[0]</Name>
      <AltName>Street or mailing address</AltName>
      <Value />
    </PdfFieldData>
    <PdfFieldData>
      <Index>10</Index>
      <Parent>7</Parent>
      <Type>Tx</Type>
      <Name>﻿PetitionerCity[0]</Name>
      <AltName>City</AltName>
      <Value />
    </PdfFieldData>
    <PdfFieldData>
      <Index>11</Index>
      <Parent>7</Parent>
      <Type>Tx</Type>
      <Name>﻿PetitionerState[0]</Name>
      <AltName>State</AltName>
      <Value />
    </PdfFieldData>
    <PdfFieldData>
      <Index>12</Index>
      <Parent>7</Parent>
      <Type>Tx</Type>
      <Name>﻿PetitionerZip[0]</Name>
      <AltName>Zip Code</AltName>
      <Value />
    </PdfFieldData>
    <PdfFieldData>
      <Index>13</Index>
      <Parent>7</Parent>
      <Type>Tx</Type>
      <Name>﻿PetitionerTel[0]</Name>
      <AltName>Phone</AltName>
      <Value />
    </PdfFieldData>
    <PdfFieldData>
      <Index>14</Index>
      <Parent>1</Parent>
      <Type />
      <Name>﻿List2[0]</Name>
      <AltName />
      <Value />
    </PdfFieldData>
    <PdfFieldData>
      <Index>15</Index>
      <Parent>14</Parent>
      <Type />
      <Name>﻿item2[0]</Name>
      <AltName />
      <Value />
    </PdfFieldData>
    <PdfFieldData>
      <Index>16</Index>
      <Parent>15</Parent>
      <Type>Tx</Type>
      <Name>﻿PetitionerJobTitle[0]</Name>
      <AltName>Your Job if you have one job title</AltName>
      <Value />
    </PdfFieldData>
    <PdfFieldData>
      <Index>17</Index>
      <Parent>15</Parent>
      <Type>Tx</Type>
      <Name>﻿PetitionerEmployerName[0]</Name>
      <AltName>Name of employer</AltName>
      <Value />
    </PdfFieldData>
    <PdfFieldData>
      <Index>18</Index>
      <Parent>15</Parent>
      <Type>Tx</Type>
      <Name>﻿PetitionerEmployerAdd[0]</Name>
      <AltName>Employers address</AltName>
      <Value />
    </PdfFieldData>
    <PdfFieldData>
      <Index>19</Index>
      <Parent>1</Parent>
      <Type />
      <Name>﻿List3[0]</Name>
      <AltName />
      <Value />
    </PdfFieldData>
    <PdfFieldData>
      <Index>20</Index>
      <Parent>19</Parent>
      <Type>Tx</Type>
      <Name>﻿PetitionerLawyerInfo[0]</Name>
      <AltName>Your Lawyer if you have one name firm or affiliation address phone number and State Bar number</AltName>
      <Value />
    </PdfFieldData>
    <PdfFieldData>
      <Index>21</Index>
      <Parent>19</Parent>
      <Type />
      <Name>﻿Lia[0]</Name>
      <AltName />
      <Value />
    </PdfFieldData>
    <PdfFieldData>
      <Index>22</Index>
      <Parent>21</Parent>
      <Type>Btn</Type>
      <Name>﻿PetLawyerAdvanceFeesY[0]</Name>
      <AltName>Yes</AltName>
      <Value />
    </PdfFieldData>
    <PdfFieldData>
      <Index>23</Index>
      <Parent>21</Parent>
      <Type>Btn</Type>
      <Name>﻿PetLawyerAdvanceFeesY[1]</Name>
      <AltName>No</AltName>
      <Value />
    </PdfFieldData>
    <PdfFieldData>
      <Index>24</Index>
      <Parent>19</Parent>
      <Type />
      <Name>﻿Lib[0]</Name>
      <AltName />
      <Value />
    </PdfFieldData>
    <PdfFieldData>
      <Index>25</Index>
      <Parent>24</Parent>
      <Type>Tx</Type>
      <Name>﻿PetLawyerSigLine[0]</Name>
      <AltName>If yes your lawyer must sign here Lawyers signature</AltName>
      <Value />
    </PdfFieldData>
    <PdfFieldData>
      <Index>26</Index>
      <Parent>1</Parent>
      <Type />
      <Name>﻿List4[0]</Name>
      <AltName />
      <Value />
    </PdfFieldData>
    <PdfFieldData>
      <Index>27</Index>
      <Parent>26</Parent>
      <Type />
      <Name>﻿item4[0]</Name>
      <AltName />
      <Value />
    </PdfFieldData>
    <PdfFieldData>
      <Index>28</Index>
      <Parent>27</Parent>
      <Type>Btn</Type>
      <Name>﻿WaiveSuperiorCrtFee[0]</Name>
      <AltName>Superior Court See Information Sheet on Waiver of Superior Court Fees and Costs form FW-001-INFO</AltName>
      <Value>Off</Value>
    </PdfFieldData>
    <PdfFieldData>
      <Index>29</Index>
      <Parent>27</Parent>
      <Type>Btn</Type>
      <Name>﻿WaiveReviewCrtFee[0]</Name>
      <AltName>Supreme Court Court of Appeal or Appellate Division of Superior Court See Information Sheet on Waiver of Appellate Court Fees form APP-015/FW-015-INFO</AltName>
      <Value>Off</Value>
    </PdfFieldData>
    <PdfFieldData>
      <Index>30</Index>
      <Parent>1</Parent>
      <Type />
      <Name>﻿List5[0]</Name>
      <AltName />
      <Value />
    </PdfFieldData>
    <PdfFieldData>
      <Index>31</Index>
      <Parent>30</Parent>
      <Type />
      <Name>﻿Lia[0]</Name>
      <AltName />
      <Value />
    </PdfFieldData>
    <PdfFieldData>
      <Index>32</Index>
      <Parent>31</Parent>
      <Type>Btn</Type>
      <Name>﻿PublicBenefitReceived[0]</Name>
      <AltName>I receive check all that apply see form FW-001-INFO for definitions</AltName>
      <Value>Off</Value>
    </PdfFieldData>
    <PdfFieldData>
      <Index>33</Index>
      <Parent>31</Parent>
      <Type>Btn</Type>
      <Name>﻿PublicBenefitSNAP[0]</Name>
      <AltName>Food Stamps </AltName>
      <Value>Off</Value>
    </PdfFieldData>
    <PdfFieldData>
      <Index>34</Index>
      <Parent>31</Parent>
      <Type>Btn</Type>
      <Name>﻿PublicBenefitSSI[0]</Name>
      <AltName>Supp. Sec. Inc.</AltName>
      <Value>Off</Value>
    </PdfFieldData>
    <PdfFieldData>
      <Index>35</Index>
      <Parent>31</Parent>
      <Type>Btn</Type>
      <Name>﻿PublicBenefitSSP[0]</Name>
      <AltName>SSP</AltName>
      <Value>Off</Value>
    </PdfFieldData>
    <PdfFieldData>
      <Index>36</Index>
      <Parent>31</Parent>
      <Type>Btn</Type>
      <Name>﻿PublicBenefitMediCal[0]</Name>
      <AltName>Medi-Cal</AltName>
      <Value>Off</Value>
    </PdfFieldData>
    <PdfFieldData>
      <Index>37</Index>
      <Parent>31</Parent>
      <Type>Btn</Type>
      <Name>﻿PublicBenefitCtyGA[0]</Name>
      <AltName>County Relief/Gen. Assist. </AltName>
      <Value>Off</Value>
    </PdfFieldData>
    <PdfFieldData>
      <Index>38</Index>
      <Parent>31</Parent>
      <Type>Btn</Type>
      <Name>﻿PublicBenefitIHHS[0]</Name>
      <AltName>IHSS</AltName>
      <Value>Off</Value>
    </PdfFieldData>
    <PdfFieldData>
      <Index>39</Index>
      <Parent>31</Parent>
      <Type>Btn</Type>
      <Name>﻿PublicBenefitCalWORKSTANF[0]</Name>
      <AltName>CalWORKS or Tribal TANF  </AltName>
      <Value>Off</Value>
    </PdfFieldData>
    <PdfFieldData>
      <Index>40</Index>
      <Parent>31</Parent>
      <Type>Btn</Type>
      <Name>﻿PublicBenefitCAPI11[0]</Name>
      <AltName>CAPI</AltName>
      <Value>Off</Value>
    </PdfFieldData>
    <PdfFieldData>
      <Index>41</Index>
      <Parent>31</Parent>
      <Type>Btn</Type>
      <Name>﻿PublicBenefitCAPI12[0]</Name>
      <AltName>WIC</AltName>
      <Value>Off</Value>
    </PdfFieldData>
    <PdfFieldData>
      <Index>42</Index>
      <Parent>31</Parent>
      <Type>Btn</Type>
      <Name>﻿PublicBenefitCAPI13[0]</Name>
      <AltName>Unemployment</AltName>
      <Value>Off</Value>
    </PdfFieldData>
    <PdfFieldData>
      <Index>43</Index>
      <Parent>30</Parent>
      <Type />
      <Name>﻿Lib[0]</Name>
      <AltName />
      <Value />
    </PdfFieldData>
    <PdfFieldData>
      <Index>44</Index>
      <Parent>43</Parent>
      <Type>Btn</Type>
      <Name>﻿GrossMonthIncomeLess[0]</Name>
      <AltName>My gross monthly household income before deductions for taxes is less than the amount listed below If you check 5b you must fill out 7 8 and 9 on page 2 of this form</AltName>
      <Value>Off</Value>
    </PdfFieldData>
    <PdfFieldData>
      <Index>45</Index>
      <Parent>30</Parent>
      <Type />
      <Name>﻿Lic[0]</Name>
      <AltName />
      <Value />
    </PdfFieldData>
    <PdfFieldData>
      <Index>46</Index>
      <Parent>45</Parent>
      <Type>Btn</Type>
      <Name>﻿IncomeInsufficientRequest[0]</Name>
      <AltName>I do not have enough income to pay for my households basic needs and the court fees I ask the court to check one and you must fill out page 2</AltName>
      <Value>Off</Value>
    </PdfFieldData>
    <PdfFieldData>
      <Index>47</Index>
      <Parent>45</Parent>
      <Type>Btn</Type>
      <Name>﻿FeeRequestDef[0]</Name>
      <AltName>waive all court fees and costs</AltName>
      <Value />
    </PdfFieldData>
    <PdfFieldData>
      <Index>48</Index>
      <Parent>45</Parent>
      <Type>Btn</Type>
      <Name>﻿FeeRequestDef[1]</Name>
      <AltName>waive some of the court fees</AltName>
      <Value />
    </PdfFieldData>
    <PdfFieldData>
      <Index>49</Index>
      <Parent>45</Parent>
      <Type>Btn</Type>
      <Name>﻿FeeRequestDef[2]</Name>
      <AltName>let me make payments over time </AltName>
      <Value />
    </PdfFieldData>
    <PdfFieldData>
      <Index>50</Index>
      <Parent>1</Parent>
      <Type />
      <Name>﻿List6[0]</Name>
      <AltName />
      <Value />
    </PdfFieldData>
    <PdfFieldData>
      <Index>51</Index>
      <Parent>50</Parent>
      <Type />
      <Name>﻿item6[0]</Name>
      <AltName />
      <Value />
    </PdfFieldData>
    <PdfFieldData>
      <Index>52</Index>
      <Parent>51</Parent>
      <Type>Btn</Type>
      <Name>﻿PrevWaiveRequest[0]</Name>
      <AltName>Check here if you asked the court to waive your court fees for this case in the last six months</AltName>
      <Value>Off</Value>
    </PdfFieldData>
    <PdfFieldData>
      <Index>53</Index>
      <Parent>51</Parent>
      <Type>Btn</Type>
      <Name>﻿PrevWaiveRequestAtt[0]</Name>
      <AltName>If your previous request is reasonably available please attach it to this form and check here</AltName>
      <Value>Off</Value>
    </PdfFieldData>
    <PdfFieldData>
      <Index>54</Index>
      <Parent>1</Parent>
      <Type />
      <Name>﻿Sign[0]</Name>
      <AltName />
      <Value />
    </PdfFieldData>
    <PdfFieldData>
      <Index>55</Index>
      <Parent>54</Parent>
      <Type>Tx</Type>
      <Name>﻿SigDate[0]</Name>
      <AltName>Date</AltName>
      <Value />
    </PdfFieldData>
    <PdfFieldData>
      <Index>56</Index>
      <Parent>54</Parent>
      <Type>Tx</Type>
      <Name>﻿PetitionerName[0]</Name>
      <AltName>Print your name here</AltName>
      <Value />
    </PdfFieldData>
    <PdfFieldData>
      <Index>57</Index>
      <Parent>0</Parent>
      <Type />
      <Name>﻿#pageSet[0]</Name>
      <AltName />
      <Value />
    </PdfFieldData>
    <PdfFieldData>
      <Index>58</Index>
      <Parent>57</Parent>
      <Type />
      <Name>﻿MPLast[0]</Name>
      <AltName />
      <Value />
    </PdfFieldData>
    <PdfFieldData>
      <Index>59</Index>
      <Parent>0</Parent>
      <Type />
      <Name>﻿Page2[0]</Name>
      <AltName />
      <Value />
    </PdfFieldData>
    <PdfFieldData>
      <Index>60</Index>
      <Parent>59</Parent>
      <Type />
      <Name>﻿pXCaption[0]</Name>
      <AltName />
      <Value />
    </PdfFieldData>
    <PdfFieldData>
      <Index>61</Index>
      <Parent>60</Parent>
      <Type>Tx</Type>
      <Name>﻿PetitionerName1[0]</Name>
      <AltName>Your name</AltName>
      <Value />
    </PdfFieldData>
    <PdfFieldData>
      <Index>62</Index>
      <Parent>60</Parent>
      <Type>Tx</Type>
      <Name>﻿CaseNumber[0]</Name>
      <AltName>Case Number</AltName>
      <Value />
    </PdfFieldData>
    <PdfFieldData>
      <Index>63</Index>
      <Parent>59</Parent>
      <Type />
      <Name>﻿List7[0]</Name>
      <AltName />
      <Value />
    </PdfFieldData>
    <PdfFieldData>
      <Index>64</Index>
      <Parent>63</Parent>
      <Type />
      <Name>﻿item7[0]</Name>
      <AltName />
      <Value />
    </PdfFieldData>
    <PdfFieldData>
      <Index>65</Index>
      <Parent>64</Parent>
      <Type>Btn</Type>
      <Name>﻿IncomeFluctuates[0]</Name>
      <AltName>Check here if your income changes a lot from month to month. </AltName>
      <Value>Off</Value>
    </PdfFieldData>
    <PdfFieldData>
      <Index>66</Index>
      <Parent>59</Parent>
      <Type />
      <Name>﻿List8[0]</Name>
      <AltName />
      <Value />
    </PdfFieldData>
    <PdfFieldData>
      <Index>67</Index>
      <Parent>66</Parent>
      <Type />
      <Name>﻿Lia[0]</Name>
      <AltName />
      <Value />
    </PdfFieldData>
    <PdfFieldData>
      <Index>68</Index>
      <Parent>67</Parent>
      <Type>Tx</Type>
      <Name>﻿IncomeSource1[0]</Name>
      <AltName>Income Source 1</AltName>
      <Value />
    </PdfFieldData>
    <PdfFieldData>
      <Index>69</Index>
      <Parent>67</Parent>
      <Type>Tx</Type>
      <Name>﻿IncomeAmount1[0]</Name>
      <AltName>Income Amount 1</AltName>
      <Value />
    </PdfFieldData>
    <PdfFieldData>
      <Index>70</Index>
      <Parent>67</Parent>
      <Type>Tx</Type>
      <Name>﻿IncomeSource2[0]</Name>
      <AltName>Income Source 2</AltName>
      <Value />
    </PdfFieldData>
    <PdfFieldData>
      <Index>71</Index>
      <Parent>67</Parent>
      <Type>Tx</Type>
      <Name>﻿IncomeAmount2[0]</Name>
      <AltName>Income Amount 2</AltName>
      <Value />
    </PdfFieldData>
    <PdfFieldData>
      <Index>72</Index>
      <Parent>67</Parent>
      <Type>Tx</Type>
      <Name>﻿IncomeSource3[0]</Name>
      <AltName>Income Source 3</AltName>
      <Value />
    </PdfFieldData>
    <PdfFieldData>
      <Index>73</Index>
      <Parent>67</Parent>
      <Type>Tx</Type>
      <Name>﻿IncomeAmount3[0]</Name>
      <AltName>Income Amount 3</AltName>
      <Value />
    </PdfFieldData>
    <PdfFieldData>
      <Index>74</Index>
      <Parent>67</Parent>
      <Type>Tx</Type>
      <Name>﻿IncomeSource4[0]</Name>
      <AltName>Income Source 4</AltName>
      <Value />
    </PdfFieldData>
    <PdfFieldData>
      <Index>75</Index>
      <Parent>67</Parent>
      <Type>Tx</Type>
      <Name>﻿IncomeAmount4[0]</Name>
      <AltName>Income Amount 4</AltName>
      <Value />
    </PdfFieldData>
    <PdfFieldData>
      <Index>76</Index>
      <Parent>66</Parent>
      <Type />
      <Name>﻿Lib[0]</Name>
      <AltName />
      <Value />
    </PdfFieldData>
    <PdfFieldData>
      <Index>77</Index>
      <Parent>76</Parent>
      <Type>Tx</Type>
      <Name>﻿TotalIncome[0]</Name>
      <AltName>Your Total Monthly Income</AltName>
      <Value />
    </PdfFieldData>
    <PdfFieldData>
      <Index>78</Index>
      <Parent>59</Parent>
      <Type />
      <Name>﻿List9[0]</Name>
      <AltName />
      <Value />
    </PdfFieldData>
    <PdfFieldData>
      <Index>79</Index>
      <Parent>78</Parent>
      <Type />
      <Name>﻿Lia[0]</Name>
      <AltName />
      <Value />
    </PdfFieldData>
    <PdfFieldData>
      <Index>80</Index>
      <Parent>79</Parent>
      <Type>Tx</Type>
      <Name>﻿HouseholdIncomeName1[0]</Name>
      <AltName>name 1</AltName>
      <Value />
    </PdfFieldData>
    <PdfFieldData>
      <Index>81</Index>
      <Parent>79</Parent>
      <Type>Tx</Type>
      <Name>﻿HouseholdIncomeAge1[0]</Name>
      <AltName>age 1</AltName>
      <Value />
    </PdfFieldData>
    <PdfFieldData>
      <Index>82</Index>
      <Parent>79</Parent>
      <Type>Tx</Type>
      <Name>﻿HouseholdIncomeRel1[0]</Name>
      <AltName>relationship 1</AltName>
      <Value />
    </PdfFieldData>
    <PdfFieldData>
      <Index>83</Index>
      <Parent>79</Parent>
      <Type>Tx</Type>
      <Name>﻿HouseholdIncomeAmount1[0]</Name>
      <AltName>Gross Monthly Income 1</AltName>
      <Value />
    </PdfFieldData>
    <PdfFieldData>
      <Index>84</Index>
      <Parent>79</Parent>
      <Type>Tx</Type>
      <Name>﻿HouseholdIncomeName2[0]</Name>
      <AltName>name 2</AltName>
      <Value />
    </PdfFieldData>
    <PdfFieldData>
      <Index>85</Index>
      <Parent>79</Parent>
      <Type>Tx</Type>
      <Name>﻿HouseholdIncomeAge2[0]</Name>
      <AltName>age 2</AltName>
      <Value />
    </PdfFieldData>
    <PdfFieldData>
      <Index>86</Index>
      <Parent>79</Parent>
      <Type>Tx</Type>
      <Name>﻿HouseholdIncomeRel2[0]</Name>
      <AltName>relationship 2</AltName>
      <Value />
    </PdfFieldData>
    <PdfFieldData>
      <Index>87</Index>
      <Parent>79</Parent>
      <Type>Tx</Type>
      <Name>﻿HouseholdIncomeAmount2[0]</Name>
      <AltName>Gross Monthly Income 2</AltName>
      <Value />
    </PdfFieldData>
    <PdfFieldData>
      <Index>88</Index>
      <Parent>79</Parent>
      <Type>Tx</Type>
      <Name>﻿HouseholdIncomeName3[0]</Name>
      <AltName>name 3</AltName>
      <Value />
    </PdfFieldData>
    <PdfFieldData>
      <Index>89</Index>
      <Parent>79</Parent>
      <Type>Tx</Type>
      <Name>﻿HouseholdIncomeAge3[0]</Name>
      <AltName>age 3</AltName>
      <Value />
    </PdfFieldData>
    <PdfFieldData>
      <Index>90</Index>
      <Parent>79</Parent>
      <Type>Tx</Type>
      <Name>﻿HouseholdIncomeRel3[0]</Name>
      <AltName>relationship 3</AltName>
      <Value />
    </PdfFieldData>
    <PdfFieldData>
      <Index>91</Index>
      <Parent>79</Parent>
      <Type>Tx</Type>
      <Name>﻿HouseholdIncomeAmount3[0]</Name>
      <AltName>Gross Monthly Income 3</AltName>
      <Value />
    </PdfFieldData>
    <PdfFieldData>
      <Index>92</Index>
      <Parent>79</Parent>
      <Type>Tx</Type>
      <Name>﻿HouseholdIncomeName4[0]</Name>
      <AltName>name 4</AltName>
      <Value />
    </PdfFieldData>
    <PdfFieldData>
      <Index>93</Index>
      <Parent>79</Parent>
      <Type>Tx</Type>
      <Name>﻿HouseholdIncomeAge4[0]</Name>
      <AltName>age 4</AltName>
      <Value />
    </PdfFieldData>
    <PdfFieldData>
      <Index>94</Index>
      <Parent>79</Parent>
      <Type>Tx</Type>
      <Name>﻿HouseholdIncomeRel4[0]</Name>
      <AltName>relationship 4</AltName>
      <Value />
    </PdfFieldData>
    <PdfFieldData>
      <Index>95</Index>
      <Parent>79</Parent>
      <Type>Tx</Type>
      <Name>﻿HouseholdIncomeAmount4[0]</Name>
      <AltName>Gross Monthly Income 4</AltName>
      <Value />
    </PdfFieldData>
    <PdfFieldData>
      <Index>96</Index>
      <Parent>78</Parent>
      <Type />
      <Name>﻿Lib[0]</Name>
      <AltName />
      <Value />
    </PdfFieldData>
    <PdfFieldData>
      <Index>97</Index>
      <Parent>96</Parent>
      <Type>Tx</Type>
      <Name>﻿HouseholdTotalncome[0]</Name>
      <AltName>total monthly income of persons above</AltName>
      <Value />
    </PdfFieldData>
    <PdfFieldData>
      <Index>98</Index>
      <Parent>96</Parent>
      <Type>Tx</Type>
      <Name>﻿TotalAllIncome[0]</Name>
      <AltName>total monthly income and household income 8b plus 9b</AltName>
      <Value />
    </PdfFieldData>
    <PdfFieldData>
      <Index>99</Index>
      <Parent>59</Parent>
      <Type />
      <Name>﻿List10[0]</Name>
      <AltName />
      <Value />
    </PdfFieldData>
    <PdfFieldData>
      <Index>100</Index>
      <Parent>99</Parent>
      <Type />
      <Name>﻿Lia[0]</Name>
      <AltName />
      <Value />
    </PdfFieldData>
    <PdfFieldData>
      <Index>101</Index>
      <Parent>100</Parent>
      <Type>Tx</Type>
      <Name>﻿Cash[0]</Name>
      <AltName>Cash amount</AltName>
      <Value />
    </PdfFieldData>
    <PdfFieldData>
      <Index>102</Index>
      <Parent>99</Parent>
      <Type />
      <Name>﻿Lib[0]</Name>
      <AltName />
      <Value />
    </PdfFieldData>
    <PdfFieldData>
      <Index>103</Index>
      <Parent>102</Parent>
      <Type>Tx</Type>
      <Name>﻿FinanialAccountName1[0]</Name>
      <AltName>Financial Account Name 1</AltName>
      <Value />
    </PdfFieldData>
    <PdfFieldData>
      <Index>104</Index>
      <Parent>102</Parent>
      <Type>Tx</Type>
      <Name>﻿FinancialAccountAmount1[0]</Name>
      <AltName>Financial Account Amount 1</AltName>
      <Value />
    </PdfFieldData>
    <PdfFieldData>
      <Index>105</Index>
      <Parent>102</Parent>
      <Type>Tx</Type>
      <Name>﻿FinanialAccountName2[0]</Name>
      <AltName>Financial Account Name 2</AltName>
      <Value />
    </PdfFieldData>
    <PdfFieldData>
      <Index>106</Index>
      <Parent>102</Parent>
      <Type>Tx</Type>
      <Name>﻿FinancialAccountAmount2[0]</Name>
      <AltName>Financial Account Amount 2</AltName>
      <Value />
    </PdfFieldData>
    <PdfFieldData>
      <Index>107</Index>
      <Parent>102</Parent>
      <Type>Tx</Type>
      <Name>﻿FinanialAccountName3[0]</Name>
      <AltName>Financial Account Name 3</AltName>
      <Value />
    </PdfFieldData>
    <PdfFieldData>
      <Index>108</Index>
      <Parent>102</Parent>
      <Type>Tx</Type>
      <Name>﻿FinancialAccountAmount3[0]</Name>
      <AltName>Financial Account Amount 3</AltName>
      <Value />
    </PdfFieldData>
    <PdfFieldData>
      <Index>109</Index>
      <Parent>99</Parent>
      <Type />
      <Name>﻿Lic[0]</Name>
      <AltName />
      <Value />
    </PdfFieldData>
    <PdfFieldData>
      <Index>110</Index>
      <Parent>109</Parent>
      <Type>Tx</Type>
      <Name>﻿VehicleMakeYr1[0]</Name>
      <AltName>Vehicle Make and Year 1</AltName>
      <Value />
    </PdfFieldData>
    <PdfFieldData>
      <Index>111</Index>
      <Parent>109</Parent>
      <Type>Tx</Type>
      <Name>﻿VehicleFairMarketVal1[0]</Name>
      <AltName>Vehicle Fair Market Value 1</AltName>
      <Value />
    </PdfFieldData>
    <PdfFieldData>
      <Index>112</Index>
      <Parent>109</Parent>
      <Type>Tx</Type>
      <Name>﻿VehicleAmountOwed1[0]</Name>
      <AltName>How Much You Still Owe 1</AltName>
      <Value />
    </PdfFieldData>
    <PdfFieldData>
      <Index>113</Index>
      <Parent>109</Parent>
      <Type>Tx</Type>
      <Name>﻿VehicleMakeYr2[0]</Name>
      <AltName>Vehicle Make and Year 2</AltName>
      <Value />
    </PdfFieldData>
    <PdfFieldData>
      <Index>114</Index>
      <Parent>109</Parent>
      <Type>Tx</Type>
      <Name>﻿VehicleFairMarketVal2[0]</Name>
      <AltName>Vehicle Fair Market Value 2</AltName>
      <Value />
    </PdfFieldData>
    <PdfFieldData>
      <Index>115</Index>
      <Parent>109</Parent>
      <Type>Tx</Type>
      <Name>﻿VehicleAmountOwed2[0]</Name>
      <AltName>How Much You Still Owe 2</AltName>
      <Value />
    </PdfFieldData>
    <PdfFieldData>
      <Index>116</Index>
      <Parent>109</Parent>
      <Type>Tx</Type>
      <Name>﻿VehicleMakeYr3[0]</Name>
      <AltName>Vehicle Make and Year 3</AltName>
      <Value />
    </PdfFieldData>
    <PdfFieldData>
      <Index>117</Index>
      <Parent>109</Parent>
      <Type>Tx</Type>
      <Name>﻿VehicleFairMarketVal3[0]</Name>
      <AltName>Vehicle Fair Market Value 3</AltName>
      <Value />
    </PdfFieldData>
    <PdfFieldData>
      <Index>118</Index>
      <Parent>109</Parent>
      <Type>Tx</Type>
      <Name>﻿VehicleAmountOwed3[0]</Name>
      <AltName>How Much You Still Owe 3</AltName>
      <Value />
    </PdfFieldData>
    <PdfFieldData>
      <Index>119</Index>
      <Parent>99</Parent>
      <Type />
      <Name>﻿Lid[0]</Name>
      <AltName />
      <Value />
    </PdfFieldData>
    <PdfFieldData>
      <Index>120</Index>
      <Parent>119</Parent>
      <Type>Tx</Type>
      <Name>﻿RealEstateAdd1[0]</Name>
      <AltName>Real Estate Address 1</AltName>
      <Value />
    </PdfFieldData>
    <PdfFieldData>
      <Index>121</Index>
      <Parent>119</Parent>
      <Type>Tx</Type>
      <Name>﻿RealEstateFairMarketVal1[0]</Name>
      <AltName>Real Estate Fair Market Value 1</AltName>
      <Value />
    </PdfFieldData>
    <PdfFieldData>
      <Index>122</Index>
      <Parent>119</Parent>
      <Type>Tx</Type>
      <Name>﻿RealEstateAmountOwed1[0]</Name>
      <AltName>Real Estate Amount Owed 1</AltName>
      <Value />
    </PdfFieldData>
    <PdfFieldData>
      <Index>123</Index>
      <Parent>119</Parent>
      <Type>Tx</Type>
      <Name>﻿RealEstateAdd2[0]</Name>
      <AltName>Real Estate Address 2</AltName>
      <Value />
    </PdfFieldData>
    <PdfFieldData>
      <Index>124</Index>
      <Parent>119</Parent>
      <Type>Tx</Type>
      <Name>﻿RealEstateFairMarketVal2[0]</Name>
      <AltName>Real Estate Fair Market Value 2</AltName>
      <Value />
    </PdfFieldData>
    <PdfFieldData>
      <Index>125</Index>
      <Parent>119</Parent>
      <Type>Tx</Type>
      <Name>﻿RealEstateAmountOwed2[0]</Name>
      <AltName>Real Estate Amount Owed 2</AltName>
      <Value />
    </PdfFieldData>
    <PdfFieldData>
      <Index>126</Index>
      <Parent>99</Parent>
      <Type />
      <Name>﻿Lie[0]</Name>
      <AltName />
      <Value />
    </PdfFieldData>
    <PdfFieldData>
      <Index>127</Index>
      <Parent>126</Parent>
      <Type>Tx</Type>
      <Name>﻿OtherPropertyDesc1[0]</Name>
      <AltName>Describe 1</AltName>
      <Value />
    </PdfFieldData>
    <PdfFieldData>
      <Index>128</Index>
      <Parent>126</Parent>
      <Type>Tx</Type>
      <Name>﻿OtherPropertyFairMarketVal1[0]</Name>
      <AltName>Fair Market Value 1</AltName>
      <Value />
    </PdfFieldData>
    <PdfFieldData>
      <Index>129</Index>
      <Parent>126</Parent>
      <Type>Tx</Type>
      <Name>﻿OtherPropertyAmountOwed1[0]</Name>
      <AltName>How Much You Still Owe 1</AltName>
      <Value />
    </PdfFieldData>
    <PdfFieldData>
      <Index>130</Index>
      <Parent>126</Parent>
      <Type>Tx</Type>
      <Name>﻿OtherPropertyDesc2[0]</Name>
      <AltName>Describe 2</AltName>
      <Value />
    </PdfFieldData>
    <PdfFieldData>
      <Index>131</Index>
      <Parent>126</Parent>
      <Type>Tx</Type>
      <Name>﻿OtherPropertyFairMarketVal2[0]</Name>
      <AltName>Fair Market Value 2</AltName>
      <Value />
    </PdfFieldData>
    <PdfFieldData>
      <Index>132</Index>
      <Parent>126</Parent>
      <Type>Tx</Type>
      <Name>﻿OtherPropertyAmountOwed2[0]</Name>
      <AltName>How Much You Still Owe 2</AltName>
      <Value />
    </PdfFieldData>
    <PdfFieldData>
      <Index>133</Index>
      <Parent>59</Parent>
      <Type />
      <Name>﻿List11[0]</Name>
      <AltName />
      <Value />
    </PdfFieldData>
    <PdfFieldData>
      <Index>134</Index>
      <Parent>133</Parent>
      <Type />
      <Name>﻿Lia[0]</Name>
      <AltName />
      <Value />
    </PdfFieldData>
    <PdfFieldData>
      <Index>135</Index>
      <Parent>134</Parent>
      <Type>Tx</Type>
      <Name>﻿PayrollDeduct1[0]</Name>
      <AltName>Payroll deduction 1</AltName>
      <Value />
    </PdfFieldData>
    <PdfFieldData>
      <Index>136</Index>
      <Parent>134</Parent>
      <Type>Tx</Type>
      <Name>﻿PayrollAmt1[0]</Name>
      <AltName>Payroll Amount 1</AltName>
      <Value />
    </PdfFieldData>
    <PdfFieldData>
      <Index>137</Index>
      <Parent>134</Parent>
      <Type>Tx</Type>
      <Name>﻿PayrollDeduct2[0]</Name>
      <AltName>Payroll deduction 2</AltName>
      <Value />
    </PdfFieldData>
    <PdfFieldData>
      <Index>138</Index>
      <Parent>134</Parent>
      <Type>Tx</Type>
      <Name>﻿PayrollAmt2[0]</Name>
      <AltName>Payroll Amount 2</AltName>
      <Value />
    </PdfFieldData>
    <PdfFieldData>
      <Index>139</Index>
      <Parent>134</Parent>
      <Type>Tx</Type>
      <Name>﻿PayrollDeduct3[0]</Name>
      <AltName>Payroll deduction 3</AltName>
      <Value />
    </PdfFieldData>
    <PdfFieldData>
      <Index>140</Index>
      <Parent>134</Parent>
      <Type>Tx</Type>
      <Name>﻿PayrollAmt3[0]</Name>
      <AltName>Payroll Amount 3</AltName>
      <Value />
    </PdfFieldData>
    <PdfFieldData>
      <Index>141</Index>
      <Parent>134</Parent>
      <Type>Tx</Type>
      <Name>﻿PayrollDeduct4[0]</Name>
      <AltName>Payroll deduction 4</AltName>
      <Value />
    </PdfFieldData>
    <PdfFieldData>
      <Index>142</Index>
      <Parent>134</Parent>
      <Type>Tx</Type>
      <Name>﻿PayrollAmt4[0]</Name>
      <AltName>Payroll Amount 4</AltName>
      <Value />
    </PdfFieldData>
    <PdfFieldData>
      <Index>143</Index>
      <Parent>133</Parent>
      <Type />
      <Name>﻿Lib[0]</Name>
      <AltName />
      <Value />
    </PdfFieldData>
    <PdfFieldData>
      <Index>144</Index>
      <Parent>143</Parent>
      <Type>Tx</Type>
      <Name>﻿ExpenseHousing[0]</Name>
      <AltName>Rent or house payment &amp; maintenance </AltName>
      <Value />
    </PdfFieldData>
    <PdfFieldData>
      <Index>145</Index>
      <Parent>133</Parent>
      <Type />
      <Name>﻿Lic[0]</Name>
      <AltName />
      <Value />
    </PdfFieldData>
    <PdfFieldData>
      <Index>146</Index>
      <Parent>145</Parent>
      <Type>Tx</Type>
      <Name>﻿ExpenseFoodSupplies[0]</Name>
      <AltName>Food and household supplies</AltName>
      <Value />
    </PdfFieldData>
    <PdfFieldData>
      <Index>147</Index>
      <Parent>133</Parent>
      <Type />
      <Name>﻿Lid[0]</Name>
      <AltName />
      <Value />
    </PdfFieldData>
    <PdfFieldData>
      <Index>148</Index>
      <Parent>147</Parent>
      <Type>Tx</Type>
      <Name>﻿ExpenseUtilitiesPhone[0]</Name>
      <AltName>Utilities and telephone</AltName>
      <Value />
    </PdfFieldData>
    <PdfFieldData>
      <Index>149</Index>
      <Parent>133</Parent>
      <Type />
      <Name>﻿Lie[0]</Name>
      <AltName />
      <Value />
    </PdfFieldData>
    <PdfFieldData>
      <Index>150</Index>
      <Parent>149</Parent>
      <Type>Tx</Type>
      <Name>﻿ExpenseClothes[0]</Name>
      <AltName>Clothing</AltName>
      <Value />
    </PdfFieldData>
    <PdfFieldData>
      <Index>151</Index>
      <Parent>133</Parent>
      <Type />
      <Name>﻿Lif[0]</Name>
      <AltName />
      <Value />
    </PdfFieldData>
    <PdfFieldData>
      <Index>152</Index>
      <Parent>151</Parent>
      <Type>Tx</Type>
      <Name>﻿ExpenseLaundry[0]</Name>
      <AltName>Laundry and cleaning </AltName>
      <Value />
    </PdfFieldData>
    <PdfFieldData>
      <Index>153</Index>
      <Parent>133</Parent>
      <Type />
      <Name>﻿Lig[0]</Name>
      <AltName />
      <Value />
    </PdfFieldData>
    <PdfFieldData>
      <Index>154</Index>
      <Parent>153</Parent>
      <Type>Tx</Type>
      <Name>﻿ExpenseMedicalDental[0]</Name>
      <AltName>Medical and dental expenses</AltName>
      <Value />
    </PdfFieldData>
    <PdfFieldData>
      <Index>155</Index>
      <Parent>133</Parent>
      <Type />
      <Name>﻿Lih[0]</Name>
      <AltName />
      <Value />
    </PdfFieldData>
    <PdfFieldData>
      <Index>156</Index>
      <Parent>155</Parent>
      <Type>Tx</Type>
      <Name>﻿ExpenseInsurance[0]</Name>
      <AltName>Insurance (life, health, accident, etc.)</AltName>
      <Value />
    </PdfFieldData>
    <PdfFieldData>
      <Index>157</Index>
      <Parent>133</Parent>
      <Type />
      <Name>﻿Lii[0]</Name>
      <AltName />
      <Value />
    </PdfFieldData>
    <PdfFieldData>
      <Index>158</Index>
      <Parent>157</Parent>
      <Type>Tx</Type>
      <Name>﻿ExpenseSchoolChildCare[0]</Name>
      <AltName>School, child care</AltName>
      <Value />
    </PdfFieldData>
    <PdfFieldData>
      <Index>159</Index>
      <Parent>133</Parent>
      <Type />
      <Name>﻿Lij[0]</Name>
      <AltName />
      <Value />
    </PdfFieldData>
    <PdfFieldData>
      <Index>160</Index>
      <Parent>159</Parent>
      <Type>Tx</Type>
      <Name>﻿ExpenseSupport[0]</Name>
      <AltName>Child, spousal support (another marriage)</AltName>
      <Value />
    </PdfFieldData>
    <PdfFieldData>
      <Index>161</Index>
      <Parent>133</Parent>
      <Type />
      <Name>﻿Lik[0]</Name>
      <AltName />
      <Value />
    </PdfFieldData>
    <PdfFieldData>
      <Index>162</Index>
      <Parent>161</Parent>
      <Type>Tx</Type>
      <Name>﻿ExpenseTransportation[0]</Name>
      <AltName>Transportation, gas, auto repair and insurance </AltName>
      <Value />
    </PdfFieldData>
    <PdfFieldData>
      <Index>163</Index>
      <Parent>133</Parent>
      <Type />
      <Name>﻿Lil[0]</Name>
      <AltName />
      <Value />
    </PdfFieldData>
    <PdfFieldData>
      <Index>164</Index>
      <Parent>163</Parent>
      <Type>Tx</Type>
      <Name>﻿InstallmentPaymentTo1[0]</Name>
      <AltName>Installment payment Paid to 1</AltName>
      <Value />
    </PdfFieldData>
    <PdfFieldData>
      <Index>165</Index>
      <Parent>163</Parent>
      <Type>Tx</Type>
      <Name>﻿InstallmentPaymentAmount1[0]</Name>
      <AltName>Installment payment amount 1</AltName>
      <Value />
    </PdfFieldData>
    <PdfFieldData>
      <Index>166</Index>
      <Parent>163</Parent>
      <Type>Tx</Type>
      <Name>﻿InstallmentPaymentTo2[0]</Name>
      <AltName>Installment payment Paid to 2</AltName>
      <Value />
    </PdfFieldData>
    <PdfFieldData>
      <Index>167</Index>
      <Parent>163</Parent>
      <Type>Tx</Type>
      <Name>﻿InstallmentPaymentAmount2[0]</Name>
      <AltName>Installment payment amount 2</AltName>
      <Value />
    </PdfFieldData>
    <PdfFieldData>
      <Index>168</Index>
      <Parent>163</Parent>
      <Type>Tx</Type>
      <Name>﻿InstallmentPaymentTo3[0]</Name>
      <AltName>Installment payment Paid to 3</AltName>
      <Value />
    </PdfFieldData>
    <PdfFieldData>
      <Index>169</Index>
      <Parent>163</Parent>
      <Type>Tx</Type>
      <Name>﻿InstallmentPaymentAmount3[0]</Name>
      <AltName>Installment payment amount 3</AltName>
      <Value />
    </PdfFieldData>
    <PdfFieldData>
      <Index>170</Index>
      <Parent>133</Parent>
      <Type />
      <Name>﻿Lim[0]</Name>
      <AltName />
      <Value />
    </PdfFieldData>
    <PdfFieldData>
      <Index>171</Index>
      <Parent>170</Parent>
      <Type>Tx</Type>
      <Name>﻿EarningsWithholding[0]</Name>
      <AltName>Wages/earnings withheld by court order</AltName>
      <Value />
    </PdfFieldData>
    <PdfFieldData>
      <Index>172</Index>
      <Parent>133</Parent>
      <Type />
      <Name>﻿Lin[0]</Name>
      <AltName />
      <Value />
    </PdfFieldData>
    <PdfFieldData>
      <Index>173</Index>
      <Parent>172</Parent>
      <Type>Tx</Type>
      <Name>﻿OtherExpense1[0]</Name>
      <AltName>Any other monthly expenses Paid to 1</AltName>
      <Value />
    </PdfFieldData>
    <PdfFieldData>
      <Index>174</Index>
      <Parent>172</Parent>
      <Type>Tx</Type>
      <Name>﻿OtherExpenseAmount1[0]</Name>
      <AltName>How much 1</AltName>
      <Value />
    </PdfFieldData>
    <PdfFieldData>
      <Index>175</Index>
      <Parent>172</Parent>
      <Type>Tx</Type>
      <Name>﻿OtherExpense2[0]</Name>
      <AltName>Any other monthly expenses Paid to 2</AltName>
      <Value />
    </PdfFieldData>
    <PdfFieldData>
      <Index>176</Index>
      <Parent>172</Parent>
      <Type>Tx</Type>
      <Name>﻿OtherExpenseAmount2[0]</Name>
      <AltName>How much 2</AltName>
      <Value />
    </PdfFieldData>
    <PdfFieldData>
      <Index>177</Index>
      <Parent>172</Parent>
      <Type>Tx</Type>
      <Name>﻿OtherExpense3[0]</Name>
      <AltName>Any other monthly expenses Paid to 3</AltName>
      <Value />
    </PdfFieldData>
    <PdfFieldData>
      <Index>178</Index>
      <Parent>172</Parent>
      <Type>Tx</Type>
      <Name>﻿OtherExpenseAmount3[0]</Name>
      <AltName>How much 3</AltName>
      <Value />
    </PdfFieldData>
    <PdfFieldData>
      <Index>179</Index>
      <Parent>133</Parent>
      <Type />
      <Name>﻿Total[0]</Name>
      <AltName />
      <Value />
    </PdfFieldData>
    <PdfFieldData>
      <Index>180</Index>
      <Parent>179</Parent>
      <Type>Tx</Type>
      <Name>﻿Totalmonthlyexpenses[0]</Name>
      <AltName>Total amount</AltName>
      <Value />
    </PdfFieldData>
    <PdfFieldData>
      <Index>181</Index>
      <Parent>59</Parent>
      <Type />
      <Name>﻿Note[0]</Name>
      <AltName />
      <Value />
    </PdfFieldData>
    <PdfFieldData>
      <Index>182</Index>
      <Parent>181</Parent>
      <Type>Btn</Type>
      <Name>﻿Overflow[0]</Name>
      <AltName>Click here if you attach another page</AltName>
      <Value />
    </PdfFieldData>
  </FieldDataArray>
</PdfFormData>